domain,lemma,A,B
general,whitener,jev,freq
general,expansiveness,jev,freq
general,bridged,jev,freq
general,undernourishment,freq,jev
general,comparer,jev,freq
general,proofer,freq,jev
general,whimperingly,jev,freq
general,tapa,jev,freq
general,yammer,jev,freq
general,ladies,jev,freq
general,mentary,freq,jev
general,nosh,freq,jev
general,sentimentalize,freq,jev
general,standardizable,jev,freq
general,stunter,jev,freq
general,uninterestedly,freq,jev
general,saponin,jev,freq
general,layman,freq,jev
general,doable,freq,jev
general,tocopherol,freq,jev
general,blad,freq,jev
general,uncertainly,jev,freq
general,recitative,jev,freq
general,stalking,freq,jev
general,dazed,freq,jev
general,peaking,freq,jev
general,mani,freq,jev
general,disparaging,freq,jev
general,quinoline,jev,freq
general,obliged,jev,freq
general,heptane,freq,jev
general,cornea,jev,freq
general,wallaby,freq,jev
general,cuckoo,jev,freq
general,watershed,freq,jev
general,mite,freq,jev
general,drafting,freq,jev
general,alkali,freq,jev
general,injectable,jev,freq
general,postural,jev,freq
general,compatriot,jev,freq
general,magnification,jev,freq
general,stupor,jev,freq
general,whore,freq,jev
general,encase,freq,jev
general,irrespective,freq,jev
general,lumbar,jev,freq
general,torment,jev,freq
general,muffin,jev,freq
general,optic,jev,freq
general,pterygium,jev,freq
general,functionalize,freq,jev
general,drake,jev,freq
general,inbreed,freq,jev
general,hemicellulose,jev,freq
general,turnkey,jev,freq
general,spearman,jev,freq
general,lifeless,freq,jev
general,used,freq,jev
general,anthropometric,jev,freq
general,capsid,jev,freq
general,stopping,freq,jev
general,tag,freq,jev
general,depletion,freq,jev
general,corruption,jev,freq
general,fatigue,freq,jev
general,interior,jev,freq
general,grace,freq,jev
general,employee,freq,jev
general,specimen,freq,jev
general,determined,freq,jev
general,campus,freq,jev
general,weakness,jev,freq
general,mass,freq,jev
general,unforgettable,jev,freq
general,declare,jev,freq
general,brilliant,jev,freq
general,refund,jev,freq
general,revelation,freq,jev
general,sum,jev,freq
general,federal,jev,freq
general,firmly,freq,jev
general,overview,jev,freq
general,inclusion,jev,freq
general,template,jev,freq
general,bomber,jev,freq
general,iteration,jev,freq
general,discontinue,freq,jev
general,stance,freq,jev
general,binary,jev,freq
general,encompass,jev,freq
general,bypass,freq,jev
general,quantify,freq,jev
general,aspiration,freq,jev
general,cabinet,freq,jev
general,instance,jev,freq
general,melt,jev,freq
general,fortunate,freq,jev
general,mutter,freq,jev
general,expand,freq,jev
general,indicate,freq,jev
general,manage,freq,jev
general,ensure,freq,jev
general,brand,jev,freq
general,village,freq,jev
general,complex,freq,jev
general,dream,jev,freq
general,cause,jev,freq
general,influence,freq,jev
general,care,freq,jev
general,clinical,jev,freq
general,performance,jev,freq
general,enhance,jev,freq
general,track,jev,freq
general,analyze,jev,freq
general,group,freq,jev
general,previous,jev,freq
general,achieve,jev,freq
general,mechanism,freq,jev
general,highly,jev,freq
general,delivery,jev,freq
general,immediately,jev,freq
general,serious,freq,jev
general,tree,jev,freq
general,choose,jev,freq
general,relationship,freq,jev
general,hope,freq,jev
general,however,freq,jev
general,truth,freq,jev
general,structure,jev,freq
general,distribution,jev,freq
general,full,freq,jev
general,train,freq,jev
programming,pasting,freq,jev
programming,compressibility,jev,freq
programming,cycling,jev,freq
programming,unrecognizable,freq,jev
programming,differentiator,jev,freq
programming,pictographic,freq,jev
programming,insect,jev,freq
programming,demarcate,jev,freq
programming,tidily,freq,jev
programming,uncomfortably,jev,freq
programming,imprecision,freq,jev
programming,hypotenuse,jev,freq
programming,territorial,jev,freq
programming,experimenter,jev,freq
programming,nonportable,freq,jev
programming,prize,freq,jev
programming,depender,freq,jev
programming,banking,freq,jev
programming,confusable,freq,jev
programming,bitemporal,freq,jev
programming,urgency,jev,freq
programming,tidiness,freq,jev
programming,threefold,jev,freq
programming,obviate,freq,jev
programming,laborious,jev,freq
programming,rigidity,freq,jev
programming,reinitiate,jev,freq
programming,reconstructor,jev,freq
programming,nonobvious,jev,freq
programming,ramification,freq,jev
programming,tutor,freq,jev
programming,distorted,jev,freq
programming,tentatively,freq,jev
programming,synch,freq,jev
programming,keel,jev,freq
programming,clothe,jev,freq
programming,doghouse,jev,freq
programming,annihilation,freq,jev
programming,dependence,jev,freq
programming,pyx,freq,jev
programming,recode,freq,jev
programming,unhand,jev,freq
programming,fip,jev,freq
programming,cup,freq,jev
programming,unpublished,jev,freq
programming,wholly,jev,freq
programming,definitively,freq,jev
programming,ascend,freq,jev
programming,russian,freq,jev
programming,fearless,jev,freq
programming,branchless,jev,freq
programming,continually,jev,freq
programming,intermix,freq,jev
programming,aggressive,freq,jev
programming,arbiter,jev,freq
programming,warp,jev,freq
programming,roster,freq,jev
programming,folk,jev,freq
programming,preimage,freq,jev
programming,speculate,freq,jev
programming,nuance,freq,jev
programming,entitle,jev,freq
programming,convoluted,jev,freq
programming,modernize,jev,freq
programming,rounded,freq,jev
programming,cosmic,jev,freq
programming,unresolve,jev,freq
programming,chinese,freq,jev
programming,storm,freq,jev
programming,reliance,jev,freq
programming,nonexistent,freq,jev
programming,subgroup,jev,freq
programming,wary,jev,freq
programming,fish,freq,jev
programming,revalidate,jev,freq
programming,junction,jev,freq
programming,intuitive,freq,jev
programming,acquire,freq,jev
programming,preferred,jev,freq
programming,analytic,jev,freq
programming,student,jev,freq
programming,card,freq,jev
programming,retain,freq,jev
programming,concrete,jev,freq
programming,protect,jev,freq
programming,billing,freq,jev
programming,focus,jev,freq
programming,descendant,jev,freq
programming,picture,jev,freq
programming,ugly,jev,freq
programming,truth,freq,jev
programming,writable,freq,jev
programming,delegate,jev,freq
programming,vendor,freq,jev
programming,browse,freq,jev
programming,kill,jev,freq
programming,destination,jev,freq
programming,interest,freq,jev
programming,confused,jev,freq
programming,overlay,jev,freq
programming,odd,jev,freq
programming,margin,jev,freq
programming,corrupt,jev,freq
programming,uniform,jev,freq
programming,noticeable,jev,freq
programming,eliminate,freq,jev
programming,dumb,freq,jev
programming,grow,jev,freq
programming,understanding,freq,jev
programming,week,jev,freq
programming,interesting,jev,freq
programming,problematic,jev,freq
programming,internally,jev,freq
programming,specifier,jev,freq
programming,device,jev,freq
programming,alternative,jev,freq
programming,particular,jev,freq
programming,pair,jev,freq
programming,modify,jev,freq
programming,verbose,freq,jev
programming,tell,freq,jev
programming,column,freq,jev
programming,float,jev,freq
programming,method,freq,jev
programming,unique,jev,freq
programming,header,freq,jev
programming,way,jev,freq
programming,aware,jev,freq
programming,post,freq,jev
programming,form,jev,freq
programming,section,freq,jev
programming,unsafe,freq,jev
programming,empty,jev,freq
programming,correct,freq,jev
programming,detail,freq,jev
programming,active,freq,jev
programming,slice,freq,jev
programming,purpose,freq,jev
programming,self,freq,jev
programming,model,jev,freq
programming,difference,freq,jev
programming,driver,freq,jev
programming,publish,jev,freq
programming,unit,freq,jev
programming,usage,freq,jev
programming,instance,jev,freq
programming,least,jev,freq
