domain,lemma,A,B,choice
general,tag,high,medium,
programming,specifier,medium,high,
programming,territorial,limited,low,
programming,reinitiate,low,limited,
general,village,very_high,medium,
programming,unresolve,medium,limited,
programming,empty,very_high,high,
programming,corrupt,high,medium,
general,mentary,limited,low,
general,delivery,high,very_high,
general,however,medium,very_high,
general,aspiration,limited,high,
general,cause,very_high,medium,
programming,grow,limited,high,
general,stunter,limited,low,
programming,folk,limited,medium,
general,determined,medium,high,
general,firmly,medium,high,
general,mani,low,limited,
general,mass,medium,high,
programming,detail,high,very_high,
general,whitener,low,limited,
programming,insect,low,limited,
programming,float,high,very_high,
programming,unit,very_high,medium,
programming,entitle,limited,medium,
programming,synch,limited,low,
general,truth,very_high,high,
general,heptane,limited,low,
general,melt,medium,high,
programming,unsafe,very_high,medium,
programming,driver,medium,very_high,
general,mutter,medium,high,
programming,confusable,limited,low,
general,drafting,limited,medium,
programming,header,high,very_high,
general,spearman,medium,limited,
general,lifeless,limited,medium,
programming,form,high,very_high,
programming,aware,medium,very_high,
general,expand,very_high,medium,
programming,nuance,limited,medium,
general,declare,medium,high,
programming,margin,medium,high,
programming,week,medium,high,
programming,ramification,limited,low,
general,indicate,medium,very_high,
programming,understanding,medium,high,
general,revelation,limited,high,
general,train,high,very_high,
