domain,lemma,pos,zipf,freq_level,core_zipf,specificity,jev_level,match,distance,jev_score,jev_confidence,repeats,stable,repeat_levels
general,whitener,NOUN,1.330,low,,,limited,0,1,1.11,0.72,3,1,limited limited limited
general,sourwood,NOUN,1.618,low,,,low,1,0,0.27,0.77,3,1,low low low
general,exequatur,NOUN,1.159,low,,,low,1,0,0.25,0.80,3,1,low low low
general,capriole,VERB,1.244,low,,,low,1,0,0.32,0.73,3,1,low low low
general,hydrid,NOUN,1.159,low,,,low,1,0,0.45,0.63,3,1,low low low
general,dispossessory,NOUN,1.519,low,,,low,1,0,0.32,0.73,3,1,low low low
general,expansiveness,NOUN,1.785,low,,,limited,0,1,1.00,0.93,3,1,limited limited limited
general,conchologist,NOUN,1.460,low,,,low,1,0,0.16,0.87,3,1,low low low
general,bridged,ADJ,1.978,low,,,medium,0,2,1.66,0.63,3,1,medium medium medium
general,ethel,NOUN,1.472,low,,,low,1,0,0.25,0.80,3,1,low low low
general,cag,NOUN,1.276,low,,,low,1,0,0.46,0.64,3,1,low low low
general,undernourishment,NOUN,1.611,low,,,limited,0,1,1.13,0.88,3,1,limited limited limited
general,chamfron,NOUN,1.159,low,,,low,1,0,0.12,0.90,3,1,low low low
general,reget,VERB,0.917,low,,,low,1,0,1.00,0.16,3,1,low low low
general,comparer,NOUN,1.343,low,,,limited,0,1,1.06,0.70,3,1,limited limited limited
general,phanariote,NOUN,1.159,low,,,low,1,0,0.23,0.82,3,1,low low low
general,proofer,NOUN,0.853,low,,,limited,0,1,0.83,0.78,3,1,limited limited limited
general,whimperingly,ADV,1.244,low,,,limited,0,1,0.78,0.81,3,1,limited limited limited
general,tapa,NOUN,1.675,low,,,limited,0,1,0.84,0.62,3,1,limited limited limited
general,maxixe,NOUN,1.244,low,,,low,1,0,0.17,0.87,3,1,low low low
general,yammer,NOUN,1.997,low,,,limited,0,1,1.07,0.80,3,1,limited limited limited
general,gavial,NOUN,1.159,low,,,low,1,0,0.35,0.71,3,1,low low low
general,ladies,NOUN,1.187,low,,,medium,0,2,2.39,0.53,3,1,medium medium medium
general,momo,NOUN,1.782,low,,,low,1,0,0.49,0.62,3,1,low low low
general,locomote,VERB,1.392,low,,,low,1,0,0.50,0.58,3,0,low low limited
general,mentary,ADJ,1.490,low,,,limited,0,1,1.12,0.37,3,1,limited limited limited
general,stam,NOUN,1.760,low,,,low,1,0,0.99,0.17,3,1,low low low
general,yis,ADJ,1.545,low,,,low,1,0,0.69,0.42,3,1,low low low
general,cheviot,NOUN,1.703,low,,,low,1,0,0.41,0.67,3,1,low low low
general,nosh,VERB,1.915,low,,,limited,0,1,1.17,0.72,3,1,limited limited limited
general,sentimentalize,VERB,1.244,low,,,limited,0,1,1.00,0.94,3,1,limited limited limited
general,stockbridge,NOUN,0.917,low,,,low,1,0,0.33,0.74,3,1,low low low
general,toroid,NOUN,1.720,low,,,low,1,0,0.25,0.80,3,1,low low low
general,loblolly,ADV,1.888,low,,,low,1,0,0.37,0.69,3,1,low low low
general,standardizable,ADJ,1.276,low,,,limited,0,1,0.57,0.63,3,1,limited limited limited
general,outstart,NOUN,1.159,low,,,low,1,0,0.38,0.69,3,1,low low low
general,stunter,NOUN,0.917,low,,,limited,0,1,0.69,0.67,3,1,limited limited limited
general,uninterestedly,ADV,1.545,low,,,limited,0,1,1.10,0.88,3,1,limited limited limited
general,mylonite,ADJ,1.159,low,,,low,1,0,0.05,0.96,3,1,low low low
general,zapotec,ADJ,1.457,low,,,low,1,0,0.42,0.65,3,1,low low low
general,saponin,NOUN,2.820,limited,,,low,0,-1,0.33,0.72,3,1,low low low
general,layman,NOUN,2.960,limited,,,medium,0,1,1.52,0.58,3,0,medium limited limited
general,doable,ADJ,2.873,limited,,,medium,0,1,1.91,0.74,3,1,medium medium medium
general,indiscipline,NOUN,2.101,limited,,,limited,1,0,1.36,0.69,3,1,limited limited limited
general,hyperexcitability,NOUN,2.571,limited,,,limited,1,0,0.83,0.86,3,1,limited limited limited
general,tocopherol,NOUN,2.813,limited,,,low,0,-1,0.48,0.60,3,1,low low low
general,typhus,ADV,2.232,limited,,,limited,1,0,0.79,0.81,3,1,limited limited limited
general,blad,NOUN,2.200,limited,,,low,0,-1,1.14,0.03,3,1,low low low
general,uncertainly,ADV,2.774,limited,,,medium,0,1,1.55,0.58,3,0,medium medium limited
general,hake,NOUN,2.233,limited,,,limited,1,0,0.66,0.68,3,1,limited limited limited
general,kipper,NOUN,2.734,limited,,,limited,1,0,0.78,0.72,3,1,limited limited limited
general,outstay,VERB,2.053,limited,,,limited,1,0,0.93,0.86,3,1,limited limited limited
general,mudflow,NOUN,2.414,limited,,,limited,1,0,0.95,0.89,3,1,limited limited limited
general,protestingly,ADV,2.022,limited,,,limited,1,0,1.03,0.91,3,1,limited limited limited
general,recitative,NOUN,2.682,limited,,,low,0,-1,0.46,0.62,3,1,low low low
general,urinate,VERB,2.893,limited,,,limited,1,0,1.32,0.72,3,1,limited limited limited
general,madonna,NOUN,2.023,limited,,,limited,1,0,1.25,0.71,3,1,limited limited limited
general,stalking,NOUN,2.667,limited,,,medium,0,1,1.63,0.68,3,1,medium medium medium
general,dazed,ADJ,2.104,limited,,,medium,0,1,1.71,0.72,3,1,medium medium medium
general,peaking,NOUN,2.827,limited,,,medium,0,1,1.86,0.76,3,1,medium medium medium
general,mani,ADJ,2.272,limited,,,low,0,-1,1.05,0.12,3,1,low low low
general,roading,NOUN,2.240,limited,,,limited,1,0,0.93,0.82,3,1,limited limited limited
general,ambit,NOUN,2.161,limited,,,limited,1,0,1.03,0.85,3,1,limited limited limited
general,conjugated,ADJ,2.148,limited,,,limited,1,0,0.94,0.82,3,1,limited limited limited
general,hyperopic,ADJ,2.294,limited,,,limited,1,0,0.58,0.65,3,1,limited limited limited
general,stilly,ADV,2.051,limited,,,limited,1,0,0.86,0.72,3,1,limited limited limited
general,pelican,NOUN,2.935,limited,,,limited,1,0,0.74,0.75,3,1,limited limited limited
general,sooth,NOUN,2.829,limited,,,limited,1,0,0.90,0.54,3,1,limited limited limited
general,deprave,VERB,2.629,limited,,,limited,1,0,0.96,0.93,3,1,limited limited limited
general,blackmailer,NOUN,2.500,limited,,,limited,1,0,1.36,0.70,3,1,limited limited limited
general,disparaging,NOUN,2.341,limited,,,medium,0,1,1.52,0.60,3,0,medium medium limited
general,mesmeric,ADJ,2.330,limited,,,limited,1,0,1.06,0.92,3,1,limited limited limited
general,electrostatically,ADV,2.292,limited,,,limited,1,0,0.62,0.68,3,1,limited limited limited
general,goiter,NOUN,2.419,limited,,,limited,1,0,0.79,0.81,3,1,limited limited limited
general,unambiguously,ADV,2.772,limited,,,limited,1,0,1.19,0.84,3,1,limited limited limited
general,quinoline,NOUN,2.517,limited,,,low,0,-1,0.18,0.85,3,1,low low low
general,cohabitation,NOUN,2.548,limited,,,limited,1,0,1.33,0.72,3,1,limited limited limited
general,obliged,ADJ,2.378,limited,,,medium,0,1,1.57,0.57,3,0,medium medium limited
general,lettered,ADJ,2.330,limited,,,limited,1,0,1.29,0.70,3,1,limited limited limited
general,heptane,NOUN,2.317,limited,,,low,0,-1,0.24,0.80,3,1,low low low
general,cornea,NOUN,3.178,medium,,,limited,0,-1,0.81,0.82,3,1,limited limited limited
general,wallaby,NOUN,3.107,medium,,,low,0,-2,0.41,0.66,3,1,low low low
general,cuckoo,NOUN,3.192,medium,,,limited,0,-1,1.49,0.53,3,1,limited limited limited
general,watershed,NOUN,3.643,medium,,,limited,0,-1,1.25,0.79,3,1,limited limited limited
general,ignorant,ADJ,3.933,medium,,,medium,1,0,2.00,0.82,3,1,medium medium medium
general,mite,NOUN,3.347,medium,,,limited,0,-1,1.27,0.69,3,1,limited limited limited
general,drafting,NOUN,3.281,medium,,,limited,0,-1,1.18,0.82,3,1,limited limited limited
general,terribly,ADV,3.922,medium,,,medium,1,0,2.43,0.59,3,1,medium medium medium
general,alkali,ADJ,3.168,medium,,,limited,0,-1,0.97,0.90,3,1,limited limited limited
general,disappearance,NOUN,3.938,medium,,,medium,1,0,1.83,0.80,3,1,medium medium medium
general,injectable,ADJ,3.576,medium,,,limited,0,-1,1.02,0.89,3,1,limited limited limited
general,postural,ADJ,3.285,medium,,,limited,0,-1,1.10,0.90,3,1,limited limited limited
general,coup,NOUN,3.901,medium,,,medium,1,0,1.59,0.66,3,1,medium medium medium
general,compatriot,NOUN,3.336,medium,,,limited,0,-1,1.04,0.93,3,1,limited limited limited
general,magnification,NOUN,3.602,medium,,,limited,0,-1,1.07,0.89,3,1,limited limited limited
general,stupor,NOUN,3.069,medium,,,limited,0,-1,1.08,0.92,3,1,limited limited limited
general,whore,NOUN,3.784,medium,,,limited,0,-1,1.02,0.76,3,1,limited limited limited
general,encase,VERB,3.133,medium,,,limited,0,-1,1.03,0.93,3,1,limited limited limited
general,irrespective,ADV,3.578,medium,,,limited,0,-1,1.31,0.74,3,1,limited limited limited
general,lumbar,NOUN,3.646,medium,,,limited,0,-1,1.07,0.88,3,1,limited limited limited
general,torment,VERB,3.828,medium,,,limited,0,-1,1.38,0.68,3,1,limited limited limited
general,muffin,NOUN,3.492,medium,,,limited,0,-1,1.51,0.52,3,1,limited limited limited
general,optic,NOUN,3.915,medium,,,limited,0,-1,1.20,0.81,3,1,limited limited limited
general,pterygium,NOUN,3.277,medium,,,low,0,-2,0.25,0.79,3,1,low low low
general,functionalize,VERB,3.489,medium,,,limited,0,-1,0.57,0.64,3,1,limited limited limited
general,drake,NOUN,3.194,medium,,,limited,0,-1,1.16,0.72,3,1,limited limited limited
general,inbreed,VERB,3.395,medium,,,limited,0,-1,0.97,0.88,3,1,limited limited limited
general,hemicellulose,NOUN,3.075,medium,,,low,0,-2,0.34,0.72,3,1,low low low
general,turnkey,NOUN,3.037,medium,,,limited,0,-1,1.21,0.81,3,1,limited limited limited
general,enlarge,VERB,3.882,medium,,,medium,1,0,1.85,0.70,3,1,medium medium medium
general,spearman,NOUN,3.175,medium,,,limited,0,-1,0.72,0.75,3,1,limited limited limited
general,appreciative,ADJ,3.246,medium,,,medium,1,0,1.69,0.69,3,1,medium medium medium
general,lifeless,ADJ,3.363,medium,,,limited,0,-1,1.47,0.61,3,1,limited limited limited
general,used,ADJ,3.596,medium,,,high,0,1,3.36,0.60,3,1,high high high
general,anthropometric,ADJ,3.401,medium,,,limited,0,-1,0.68,0.73,3,1,limited limited limited
general,schooling,NOUN,3.481,medium,,,medium,1,0,2.07,0.60,3,1,medium medium medium
general,cynicism,NOUN,3.251,medium,,,medium,1,0,1.69,0.71,3,1,medium medium medium
general,capsid,NOUN,3.223,medium,,,low,0,-2,0.39,0.68,3,1,low low low
general,stopping,NOUN,3.215,medium,,,high,0,1,2.82,0.56,3,1,high high high
general,cardboard,NOUN,3.546,medium,,,medium,1,0,1.77,0.67,3,1,medium medium medium
general,tag,NOUN,4.559,high,,,medium,0,-1,2.22,0.66,3,1,medium medium medium
general,depletion,NOUN,4.092,high,,,limited,0,-2,1.47,0.61,3,1,limited limited limited
general,corruption,NOUN,4.228,high,,,medium,0,-1,1.95,0.90,3,1,medium medium medium
general,fatigue,NOUN,4.530,high,,,medium,0,-1,1.98,0.78,3,1,medium medium medium
general,interior,NOUN,4.519,high,,,medium,0,-1,2.14,0.78,3,1,medium medium medium
general,grace,NOUN,4.458,high,,,medium,0,-1,1.91,0.76,3,1,medium medium medium
general,employee,NOUN,4.973,high,,,medium,0,-1,2.37,0.68,3,1,medium medium medium
general,specimen,NOUN,4.376,high,,,limited,0,-2,1.10,0.91,3,1,limited limited limited
general,determined,ADJ,4.259,high,,,medium,0,-1,2.21,0.78,3,1,medium medium medium
general,campus,NOUN,4.537,high,,,medium,0,-1,1.65,0.67,3,1,medium medium medium
general,weakness,NOUN,4.420,high,,,medium,0,-1,2.29,0.72,3,1,medium medium medium
general,mass,NOUN,4.969,high,,,medium,0,-1,2.23,0.71,3,1,medium medium medium
general,unforgettable,ADJ,4.042,high,,,medium,0,-1,1.76,0.70,3,1,medium medium medium
general,declare,VERB,4.870,high,,,medium,0,-1,2.04,0.82,3,1,medium medium medium
general,brilliant,ADJ,4.408,high,,,medium,0,-1,2.01,0.79,3,1,medium medium medium
general,meaning,NOUN,4.674,high,,,high,1,0,2.92,0.61,3,1,high high high
general,refund,NOUN,4.233,high,,,medium,0,-1,2.14,0.75,3,1,medium medium medium
general,revelation,NOUN,4.039,high,,,limited,0,-2,1.41,0.65,3,1,limited limited limited
general,sum,NOUN,4.587,high,,,medium,0,-1,2.49,0.47,3,1,medium medium medium
general,federal,ADJ,4.918,high,,,medium,0,-1,2.03,0.84,3,1,medium medium medium
general,firmly,ADV,4.288,high,,,medium,0,-1,2.09,0.82,3,1,medium medium medium
general,overview,NOUN,4.355,high,,,medium,0,-1,1.97,0.86,3,1,medium medium medium
general,inclusion,NOUN,4.670,high,,,medium,0,-1,1.63,0.67,3,1,medium medium medium
general,template,NOUN,4.440,high,,,medium,0,-1,1.62,0.64,3,1,medium medium medium
general,bomber,NOUN,4.010,high,,,medium,0,-1,1.75,0.71,3,1,medium medium medium
general,iteration,NOUN,4.040,high,,,limited,0,-2,1.08,0.91,3,1,limited limited limited
general,discontinue,VERB,4.076,high,,,medium,0,-1,1.79,0.77,3,1,medium medium medium
general,stance,NOUN,4.057,high,,,medium,0,-1,1.91,0.86,3,1,medium medium medium
general,binary,ADJ,4.244,high,,,limited,0,-2,1.21,0.78,3,1,limited limited limited
general,encompass,VERB,4.385,high,,,limited,0,-2,1.19,0.84,3,1,limited limited limited
general,bypass,VERB,4.117,high,,,medium,0,-1,1.88,0.82,3,1,medium medium medium
general,quantify,VERB,4.569,high,,,limited,0,-2,1.22,0.82,3,1,limited limited limited
general,aspiration,NOUN,4.111,high,,,limited,0,-2,1.26,0.77,3,1,limited limited limited
general,cabinet,NOUN,4.336,high,,,medium,0,-1,2.05,0.79,3,1,medium medium medium
general,instance,NOUN,4.852,high,,,medium,0,-1,1.68,0.68,3,1,medium medium medium
general,absent,ADJ,4.358,high,,,high,1,0,2.45,0.53,3,0,high medium medium
general,melt,VERB,4.277,high,,,medium,0,-1,2.45,0.58,3,0,medium high medium
general,fortunate,ADJ,4.025,high,,,medium,0,-1,1.90,0.81,3,1,medium medium medium
general,mutter,VERB,4.116,high,,,medium,0,-1,1.78,0.72,3,1,medium medium medium
general,bread,NOUN,4.469,high,,,high,1,0,2.73,0.59,3,1,high high high
general,expand,VERB,5.137,very_high,,,medium,0,-2,2.15,0.82,3,1,medium medium medium
general,indicate,VERB,5.465,very_high,,,medium,0,-2,2.00,0.82,3,1,medium medium medium
general,manage,VERB,5.265,very_high,,,high,0,-1,2.88,0.78,3,1,high high high
general,ensure,VERB,5.493,very_high,,,medium,0,-2,2.17,0.79,3,1,medium medium medium
general,give,VERB,6.033,very_high,,,very_high,1,0,3.88,0.91,3,1,very_high very_high very_high
general,brand,NOUN,5.162,very_high,,,high,0,-1,2.52,0.59,3,1,high high high
general,know,VERB,6.346,very_high,,,very_high,1,0,3.92,0.93,3,1,very_high very_high very_high
general,village,NOUN,5.156,very_high,,,medium,0,-2,2.10,0.78,3,1,medium medium medium
general,then,ADV,6.067,very_high,,,very_high,1,0,3.47,0.56,3,0,very_high high very_high
general,turn,VERB,5.654,very_high,,,very_high,1,0,3.47,0.57,3,1,very_high very_high very_high
general,complex,ADJ,5.245,very_high,,,medium,0,-2,2.28,0.73,3,1,medium medium medium
general,dream,NOUN,5.056,very_high,,,medium,0,-2,2.42,0.58,3,1,medium medium medium
general,cause,VERB,5.487,very_high,,,medium,0,-2,2.53,0.56,3,0,medium high high
general,influence,VERB,5.335,very_high,,,medium,0,-2,2.25,0.77,3,1,medium medium medium
general,care,NOUN,5.646,very_high,,,high,0,-1,3.38,0.60,3,1,high high high
general,clinical,ADJ,5.507,very_high,,,medium,0,-2,1.57,0.61,3,1,medium medium medium
general,performance,NOUN,5.554,very_high,,,medium,0,-2,2.10,0.82,3,1,medium medium medium
general,enhance,VERB,5.324,very_high,,,medium,0,-2,1.83,0.82,3,1,medium medium medium
general,track,NOUN,5.302,very_high,,,medium,0,-2,2.46,0.59,3,1,medium medium medium
general,analyze,VERB,5.005,very_high,,,medium,0,-2,1.92,0.82,3,1,medium medium medium
general,group,NOUN,5.835,very_high,,,high,0,-1,2.93,0.72,3,1,high high high
general,previous,ADJ,5.243,very_high,,,medium,0,-2,2.22,0.75,3,1,medium medium medium
general,achieve,VERB,5.237,very_high,,,medium,0,-2,2.09,0.84,3,1,medium medium medium
general,mechanism,NOUN,5.194,very_high,,,medium,0,-2,1.61,0.64,3,1,medium medium medium
general,highly,ADV,5.145,very_high,,,medium,0,-2,2.05,0.77,3,1,medium medium medium
general,delivery,NOUN,5.035,very_high,,,high,0,-1,2.57,0.64,3,1,high high high
general,immediately,ADV,5.023,very_high,,,high,0,-1,2.62,0.64,3,1,high high high
general,serious,ADJ,5.013,very_high,,,high,0,-1,2.83,0.76,3,1,high high high
general,money,NOUN,5.491,very_high,,,very_high,1,0,3.55,0.63,3,1,very_high very_high very_high
general,tree,NOUN,5.121,very_high,,,high,0,-1,2.67,0.52,3,0,high medium high
general,tell,VERB,5.966,very_high,,,very_high,1,0,3.74,0.78,3,1,very_high very_high very_high
general,choose,VERB,5.337,very_high,,,high,0,-1,2.81,0.69,3,1,high high high
general,relationship,NOUN,5.327,very_high,,,high,0,-1,2.76,0.75,3,1,high high high
general,hope,VERB,5.225,very_high,,,high,0,-1,2.91,0.62,3,1,high high high
general,however,ADV,5.750,very_high,,,medium,0,-2,2.38,0.65,3,1,medium medium medium
general,truth,NOUN,5.047,very_high,,,high,0,-1,2.61,0.53,3,1,high high high
general,structure,NOUN,5.351,very_high,,,medium,0,-2,2.16,0.77,3,1,medium medium medium
general,distribution,NOUN,5.108,very_high,,,medium,0,-2,1.76,0.74,3,1,medium medium medium
general,full,ADJ,5.555,very_high,,,high,0,-1,3.24,0.69,3,1,high high high
general,train,VERB,5.229,very_high,,,high,0,-1,2.62,0.62,3,1,high high high
programming,pasting,NOUN,2.021,low,1.877,baseline,medium,0,2,2.53,0.38,3,1,medium medium medium
programming,compressibility,NOUN,2.021,low,2.540,baseline,limited,0,1,0.79,0.67,3,1,limited limited limited
programming,cycling,NOUN,2.021,low,4.087,baseline,limited,0,1,1.10,0.50,3,1,limited limited limited
programming,shish,ADJ,2.021,low,1.898,baseline,low,1,0,0.19,0.82,3,1,low low low
programming,unrecognizable,ADJ,2.021,low,2.762,baseline,limited,0,1,1.02,0.78,3,1,limited limited limited
programming,differentiator,NOUN,2.021,low,3.171,baseline,limited,0,1,1.21,0.70,3,1,limited limited limited
programming,pictographic,ADJ,2.021,low,1.569,baseline,limited,0,1,0.64,0.68,3,1,limited limited limited
programming,insect,NOUN,2.322,low,4.265,baseline,limited,0,1,0.95,0.40,3,1,limited limited limited
programming,demarcate,VERB,2.498,low,2.826,baseline,limited,0,1,0.73,0.73,3,1,limited limited limited
programming,tidily,ADV,2.021,low,1.785,baseline,limited,0,1,0.85,0.75,3,1,limited limited limited
programming,uncomfortably,ADV,2.021,low,3.042,baseline,limited,0,1,0.80,0.77,3,1,limited limited limited
programming,imprecision,NOUN,2.322,low,3.024,baseline,limited,0,1,1.30,0.71,3,1,limited limited limited
programming,hypotenuse,NOUN,2.498,low,1.947,baseline,limited,0,1,0.89,0.78,3,1,limited limited limited
programming,logman,NOUN,2.498,low,,low,low,1,0,0.26,0.77,3,1,low low low
programming,territorial,ADJ,2.498,low,3.885,baseline,limited,0,1,0.99,0.68,3,1,limited limited limited
programming,experimenter,NOUN,2.021,low,3.103,baseline,limited,0,1,0.91,0.82,3,1,limited limited limited
programming,nonportable,ADJ,2.021,low,,baseline,limited,0,1,1.16,0.72,3,1,limited limited limited
programming,prize,NOUN,2.322,low,4.517,baseline,limited,0,1,0.75,0.70,3,1,limited limited limited
programming,depender,NOUN,2.021,low,1.439,baseline,medium,0,2,1.62,0.19,3,0,medium medium low
programming,banking,NOUN,2.322,low,4.284,baseline,limited,0,1,1.03,0.52,3,1,limited limited limited
programming,confusable,ADJ,2.021,low,,baseline,limited,0,1,1.08,0.76,3,1,limited limited limited
programming,overfly,VERB,2.322,low,1.825,baseline,low,1,0,0.29,0.76,3,1,low low low
programming,bitemporal,ADJ,2.021,low,1.753,baseline,limited,0,1,0.82,0.70,3,1,limited limited limited
programming,urgency,NOUN,2.322,low,3.862,baseline,limited,0,1,1.20,0.72,3,1,limited limited limited
programming,tidiness,NOUN,2.021,low,2.156,baseline,limited,0,1,1.19,0.72,3,1,limited limited limited
programming,threefold,ADJ,2.021,low,2.970,baseline,limited,0,1,0.72,0.73,3,1,limited limited limited
programming,obviate,VERB,2.021,low,2.684,baseline,limited,0,1,1.02,0.79,3,1,limited limited limited
programming,laborious,ADJ,2.021,low,3.108,baseline,limited,0,1,0.91,0.84,3,1,limited limited limited
programming,rigidity,NOUN,2.021,low,3.575,baseline,limited,0,1,1.27,0.72,3,1,limited limited limited
programming,reinitiate,VERB,2.021,low,2.267,baseline,limited,0,1,1.44,0.62,3,1,limited limited limited
programming,dragonfly,NOUN,2.322,low,2.873,baseline,low,1,0,0.32,0.74,3,1,low low low
programming,reconstructor,NOUN,2.322,low,,low,limited,0,1,1.05,0.77,3,1,limited limited limited
programming,nonobvious,ADJ,2.021,low,1.276,baseline,limited,0,1,1.08,0.77,3,1,limited limited limited
programming,ramification,NOUN,2.021,low,3.179,baseline,limited,0,1,1.08,0.82,3,1,limited limited limited
programming,tutor,NOUN,2.021,low,4.004,baseline,limited,0,1,1.29,0.58,3,1,limited limited limited
programming,tale,NOUN,2.021,low,4.475,baseline,low,1,0,0.47,0.62,3,1,low low low
programming,distorted,ADJ,2.021,low,3.298,baseline,limited,0,1,1.11,0.82,3,1,limited limited limited
programming,princess,NOUN,2.021,low,4.124,baseline,low,1,0,0.24,0.81,3,1,low low low
programming,tentatively,ADV,2.322,low,3.220,baseline,limited,0,1,0.97,0.81,3,1,limited limited limited
programming,synch,VERB,2.498,low,2.062,baseline,limited,0,1,1.72,0.36,3,1,limited limited limited
programming,keel,VERB,2.577,limited,3.402,baseline,low,0,-1,0.59,0.52,3,1,low low low
programming,comb,VERB,2.577,limited,3.768,baseline,limited,1,0,0.83,0.62,3,1,limited limited limited
programming,reaper,NOUN,2.623,limited,2.777,baseline,limited,1,0,0.64,0.62,3,0,limited low limited
programming,syntactical,ADJ,2.901,limited,,medium,limited,1,0,1.51,0.52,3,1,limited limited limited
programming,tri,ADJ,2.623,limited,3.426,baseline,limited,1,0,1.34,0.45,3,1,limited limited limited
programming,jumble,VERB,2.865,limited,2.845,baseline,limited,1,0,0.78,0.74,3,1,limited limited limited
programming,boon,NOUN,2.878,limited,3.304,baseline,limited,1,0,0.72,0.69,3,1,limited limited limited
programming,expendable,ADJ,2.623,limited,2.841,baseline,limited,1,0,0.80,0.74,3,1,limited limited limited
programming,disassociate,VERB,2.623,limited,2.430,baseline,limited,1,0,1.02,0.76,3,1,limited limited limited
programming,materially,ADV,2.814,limited,3.981,baseline,limited,1,0,0.97,0.75,3,1,limited limited limited
programming,reification,NOUN,2.577,limited,2.277,baseline,limited,1,0,0.93,0.77,3,1,limited limited limited
programming,deformation,NOUN,2.577,limited,3.825,baseline,limited,1,0,1.24,0.63,3,1,limited limited limited
programming,clothe,NOUN,2.814,limited,4.751,baseline,low,0,-1,0.58,0.52,3,1,low low low
programming,housekeeping,NOUN,2.955,limited,3.520,baseline,limited,1,0,1.25,0.62,3,1,limited limited limited
programming,constituent,ADJ,2.769,limited,3.941,baseline,limited,1,0,1.44,0.59,3,1,limited limited limited
programming,errant,NOUN,2.513,limited,2.744,baseline,limited,1,0,0.56,0.57,3,1,limited limited limited
programming,shabby,ADJ,2.577,limited,3.539,baseline,limited,1,0,0.77,0.66,3,1,limited limited limited
programming,doghouse,NOUN,2.513,limited,2.362,baseline,low,0,-1,0.37,0.68,3,1,low low low
programming,loophole,NOUN,2.814,limited,3.417,baseline,limited,1,0,0.90,0.79,3,1,limited limited limited
programming,monotonically,ADV,2.924,limited,2.623,baseline,limited,1,0,1.48,0.59,3,1,limited limited limited
programming,annihilation,NOUN,2.577,limited,3.156,baseline,low,0,-1,0.48,0.59,3,0,low low limited
programming,television,NOUN,2.577,limited,4.877,baseline,limited,1,0,0.65,0.56,3,1,limited limited limited
programming,dependence,NOUN,2.720,limited,4.257,baseline,medium,0,1,2.24,0.52,3,1,medium medium medium
programming,salvage,VERB,2.623,limited,3.735,baseline,limited,1,0,1.11,0.78,3,1,limited limited limited
programming,fashioned,ADJ,2.878,limited,3.926,baseline,limited,1,0,0.73,0.74,3,1,limited limited limited
programming,unbind,VERB,2.769,limited,2.051,low,limited,1,0,0.89,0.64,3,1,limited limited limited
programming,fluid,ADJ,2.984,limited,4.586,baseline,limited,1,0,1.50,0.57,3,1,limited limited limited
programming,contiguously,ADV,2.577,limited,0.917,low,limited,1,0,0.95,0.82,3,1,limited limited limited
programming,demon,NOUN,2.577,limited,4.069,baseline,limited,1,0,0.72,0.60,3,1,limited limited limited
programming,pity,NOUN,2.683,limited,4.401,baseline,limited,1,0,0.68,0.62,3,1,limited limited limited
programming,pot,NOUN,2.799,limited,4.327,baseline,limited,1,0,0.90,0.57,3,1,limited limited limited
programming,pyx,NOUN,2.577,limited,1.695,low,low,0,-1,0.35,0.71,3,1,low low low
programming,lasting,ADJ,2.634,limited,3.946,baseline,limited,1,0,1.37,0.66,3,1,limited limited limited
programming,recode,VERB,2.769,limited,2.768,baseline,medium,0,1,1.94,0.72,3,1,medium medium medium
programming,unveil,VERB,2.513,limited,4.212,baseline,limited,1,0,0.77,0.70,3,1,limited limited limited
programming,pervasiveness,NOUN,2.865,limited,2.057,low,limited,1,0,0.91,0.81,3,1,limited limited limited
programming,pray,NOUN,2.513,limited,4.584,baseline,limited,1,0,0.59,0.56,3,1,limited limited limited
programming,wet,ADJ,2.847,limited,4.485,baseline,limited,1,0,1.33,0.50,3,1,limited limited limited
programming,passively,ADV,2.513,limited,3.179,baseline,limited,1,0,1.16,0.74,3,1,limited limited limited
programming,unhand,VERB,2.577,limited,2.408,baseline,low,0,-1,0.42,0.66,3,1,low low low
programming,fip,NOUN,3.363,medium,2.072,medium,low,0,-2,0.52,0.59,3,1,low low low
programming,cup,NOUN,3.066,medium,4.640,baseline,limited,0,-1,0.80,0.60,3,1,limited limited limited
programming,searchable,ADJ,3.206,medium,3.145,baseline,medium,1,0,2.17,0.68,3,1,medium medium medium
programming,unpublished,ADJ,3.568,medium,3.426,baseline,limited,0,-1,0.71,0.70,3,1,limited limited limited
programming,wholly,ADV,3.264,medium,4.046,baseline,limited,0,-1,0.98,0.82,3,1,limited limited limited
programming,definitively,ADV,3.266,medium,3.475,baseline,limited,0,-1,1.34,0.68,3,1,limited limited limited
programming,ascend,VERB,3.904,medium,4.018,baseline,limited,0,-1,1.20,0.72,3,1,limited limited limited
programming,busy,ADJ,3.604,medium,4.737,baseline,medium,1,0,1.75,0.48,3,1,medium medium medium
programming,russian,ADJ,3.337,medium,4.882,baseline,limited,0,-1,0.79,0.62,3,1,limited limited limited
programming,fearless,NOUN,3.166,medium,3.558,baseline,low,0,-2,0.52,0.58,3,1,low low low
programming,predictor,NOUN,3.355,medium,4.427,baseline,medium,1,0,1.72,0.61,3,1,medium medium medium
programming,branchless,ADJ,3.179,medium,,high,limited,0,-1,1.29,0.64,3,1,limited limited limited
programming,continually,ADV,3.292,medium,3.982,baseline,limited,0,-1,1.39,0.64,3,1,limited limited limited
programming,intermix,VERB,3.003,medium,2.738,baseline,limited,0,-1,0.77,0.76,3,1,limited limited limited
programming,aggressive,ADJ,3.898,medium,4.427,baseline,limited,0,-1,1.34,0.63,3,1,limited limited limited
programming,quota,NOUN,3.803,medium,3.615,baseline,medium,1,0,1.98,0.66,3,1,medium medium medium
programming,arbiter,NOUN,3.141,medium,2.807,baseline,limited,0,-1,0.76,0.68,3,1,limited limited limited
programming,warp,NOUN,3.115,medium,3.624,baseline,limited,0,-1,1.18,0.70,3,1,limited limited limited
programming,drift,NOUN,3.477,medium,4.350,baseline,medium,1,0,1.68,0.56,3,1,medium medium medium
programming,roster,NOUN,3.422,medium,4.408,baseline,limited,0,-1,1.01,0.70,3,1,limited limited limited
programming,folk,NOUN,3.973,medium,4.711,baseline,limited,0,-1,0.78,0.61,3,1,limited limited limited
programming,preimage,NOUN,3.465,medium,,very_high,limited,0,-1,1.17,0.76,3,1,limited limited limited
programming,speculate,VERB,3.208,medium,3.969,baseline,limited,0,-1,1.01,0.82,3,1,limited limited limited
programming,nuance,NOUN,3.410,medium,3.839,baseline,limited,0,-1,1.14,0.80,3,1,limited limited limited
programming,entitle,VERB,3.046,medium,4.373,baseline,limited,0,-1,1.29,0.58,3,1,limited limited limited
programming,convoluted,ADJ,3.484,medium,2.790,low,limited,0,-1,1.39,0.67,3,1,limited limited limited
programming,modernize,VERB,3.692,medium,3.740,baseline,limited,0,-1,1.50,0.57,3,0,limited medium medium
programming,rounded,ADJ,3.750,medium,3.855,baseline,limited,0,-1,1.59,0.50,3,1,limited limited limited
programming,cosmic,ADJ,3.235,medium,3.690,baseline,limited,0,-1,0.53,0.59,3,1,limited limited limited
programming,swift,ADJ,3.606,medium,4.184,baseline,medium,1,0,2.06,0.42,3,1,medium medium medium
programming,unresolve,VERB,3.161,medium,1.663,medium,limited,0,-1,1.08,0.49,3,1,limited limited limited
programming,chinese,ADJ,3.751,medium,4.864,baseline,limited,0,-1,1.23,0.62,3,1,limited limited limited
programming,storm,NOUN,3.565,medium,4.762,baseline,limited,0,-1,0.84,0.67,3,1,limited limited limited
programming,reliance,NOUN,3.214,medium,4.229,baseline,limited,0,-1,1.28,0.70,3,1,limited limited limited
programming,nonexistent,ADJ,3.914,medium,2.932,medium,limited,0,-1,1.36,0.56,3,1,limited limited limited
programming,subgroup,NOUN,3.304,medium,4.479,baseline,limited,0,-1,1.44,0.55,3,1,limited limited limited
programming,wary,ADJ,3.401,medium,3.560,baseline,limited,0,-1,1.00,0.81,3,1,limited limited limited
programming,fish,NOUN,3.518,medium,4.864,baseline,limited,0,-1,1.19,0.51,3,1,limited limited limited
programming,revalidate,VERB,3.335,medium,1.593,high,limited,0,-1,1.16,0.72,3,1,limited limited limited
programming,junction,NOUN,3.050,medium,4.187,baseline,limited,0,-1,1.55,0.51,3,1,limited limited limited
programming,intuitive,ADJ,4.215,high,4.004,baseline,medium,0,-1,1.82,0.72,3,1,medium medium medium
programming,acquire,VERB,4.579,high,4.902,baseline,limited,0,-2,1.62,0.47,3,1,limited limited limited
programming,preferred,ADJ,4.439,high,4.249,baseline,medium,0,-1,2.10,0.70,3,1,medium medium medium
programming,analytic,NOUN,4.008,high,4.514,baseline,medium,0,-1,1.81,0.68,3,1,medium medium medium
programming,student,NOUN,4.025,high,5.514,baseline,limited,0,-2,1.02,0.63,3,1,limited limited limited
programming,card,NOUN,4.206,high,5.061,baseline,limited,0,-2,1.41,0.60,3,1,limited limited limited
programming,retain,VERB,4.525,high,4.805,baseline,medium,0,-1,1.79,0.63,3,1,medium medium medium
programming,concrete,ADJ,4.772,high,4.451,baseline,medium,0,-1,1.93,0.43,3,1,medium medium medium
programming,protect,VERB,4.804,high,5.242,baseline,medium,0,-1,2.01,0.64,3,1,medium medium medium
programming,refresh,VERB,4.610,high,4.124,low,high,1,0,2.68,0.61,3,1,high high high
programming,billing,NOUN,4.175,high,3.933,baseline,limited,0,-2,1.19,0.66,3,1,limited limited limited
programming,focus,VERB,4.945,high,5.510,baseline,medium,0,-1,2.27,0.58,3,1,medium medium medium
programming,descendant,NOUN,4.158,high,4.054,baseline,limited,0,-2,1.34,0.55,3,1,limited limited limited
programming,picture,NOUN,4.205,high,5.065,baseline,medium,0,-1,2.12,0.62,3,1,medium medium medium
programming,ugly,ADJ,4.020,high,4.230,baseline,limited,0,-2,1.33,0.63,3,1,limited limited limited
programming,truth,NOUN,4.029,high,5.047,baseline,limited,0,-2,1.76,0.32,3,1,limited limited limited
programming,writable,ADJ,4.449,high,2.078,very_high,medium,0,-1,1.76,0.54,3,0,medium medium limited
programming,delegate,VERB,4.417,high,4.111,baseline,medium,0,-1,1.92,0.52,3,1,medium medium medium
programming,vendor,NOUN,4.402,high,4.385,baseline,limited,0,-2,1.17,0.74,3,1,limited limited limited
programming,browse,VERB,4.195,high,4.195,baseline,medium,0,-1,2.22,0.57,3,1,medium medium medium
programming,kill,VERB,4.604,high,5.486,baseline,medium,0,-1,2.06,0.52,3,1,medium medium medium
programming,destination,NOUN,4.502,high,4.609,baseline,limited,0,-2,1.48,0.56,3,1,limited limited limited
programming,interest,NOUN,4.424,high,5.324,baseline,medium,0,-1,2.18,0.48,3,1,medium medium medium
programming,confused,ADJ,4.043,high,4.048,baseline,medium,0,-1,1.90,0.58,3,1,medium medium medium
programming,overlay,NOUN,4.448,high,3.805,low,medium,0,-1,1.94,0.72,3,1,medium medium medium
programming,odd,ADJ,4.327,high,4.751,baseline,medium,0,-1,1.91,0.55,3,1,medium medium medium
programming,margin,NOUN,4.442,high,4.558,baseline,medium,0,-1,1.70,0.59,3,1,medium medium medium
programming,corrupt,ADJ,4.432,high,3.885,low,medium,0,-1,1.71,0.54,3,1,medium medium medium
programming,uniform,ADJ,4.007,high,4.529,baseline,limited,0,-2,1.21,0.69,3,1,limited limited limited
programming,noticeable,ADJ,4.012,high,3.915,baseline,limited,0,-2,1.35,0.68,3,1,limited limited limited
programming,eliminate,VERB,4.716,high,4.729,baseline,medium,0,-1,1.93,0.67,3,1,medium medium medium
programming,incompatible,ADJ,4.742,high,3.397,high,high,1,0,2.60,0.66,3,1,high high high
programming,dumb,ADJ,4.025,high,4.141,baseline,limited,0,-2,1.49,0.48,3,1,limited limited limited
programming,grow,VERB,4.683,high,5.525,baseline,limited,0,-2,1.48,0.53,3,1,limited limited limited
programming,understanding,NOUN,4.616,high,4.969,baseline,medium,0,-1,2.39,0.44,3,1,medium medium medium
programming,week,NOUN,4.833,high,5.612,baseline,medium,0,-1,1.69,0.54,3,1,medium medium medium
programming,interesting,ADJ,4.599,high,4.766,baseline,medium,0,-1,1.61,0.51,3,1,medium medium medium
programming,problematic,ADJ,4.297,high,3.903,low,medium,0,-1,1.98,0.75,3,1,medium medium medium
programming,internally,ADV,4.918,high,3.876,medium,medium,0,-1,1.96,0.66,3,1,medium medium medium
programming,specifier,NOUN,4.165,high,1.958,very_high,medium,0,-1,1.83,0.55,3,1,medium medium medium
programming,device,NOUN,5.067,very_high,5.118,baseline,medium,0,-2,1.98,0.60,3,1,medium medium medium
programming,alternative,NOUN,5.090,very_high,4.927,baseline,medium,0,-2,2.13,0.67,3,1,medium medium medium
programming,particular,ADJ,5.475,very_high,5.032,low,medium,0,-2,1.86,0.68,3,1,medium medium medium
programming,pair,NOUN,5.073,very_high,5.032,baseline,medium,0,-2,2.35,0.55,3,1,medium medium medium
programming,modify,VERB,5.540,very_high,4.711,medium,high,0,-1,2.80,0.64,3,1,high high high
programming,verbose,VERB,5.047,very_high,2.357,very_high,limited,0,-3,1.27,0.72,3,1,limited limited limited
programming,problem,NOUN,5.857,very_high,5.396,low,very_high,1,0,3.51,0.61,3,1,very_high very_high very_high
programming,tell,VERB,5.535,very_high,5.966,baseline,medium,0,-2,2.48,0.28,3,0,medium medium high
programming,column,NOUN,5.707,very_high,4.609,high,medium,0,-2,2.18,0.67,3,1,medium medium medium
programming,float,VERB,5.061,very_high,4.474,low,high,0,-1,2.42,0.34,3,0,high medium high
programming,method,NOUN,6.317,very_high,5.407,medium,high,0,-1,3.03,0.45,3,0,high very_high very_high
programming,unique,ADJ,5.248,very_high,5.059,baseline,medium,0,-2,2.32,0.56,3,0,medium medium high
programming,header,NOUN,5.537,very_high,3.880,very_high,high,0,-1,3.00,0.69,3,1,high high high
programming,way,NOUN,6.174,very_high,5.937,baseline,high,0,-1,2.77,0.39,3,1,high high high
programming,return,VERB,6.387,very_high,5.615,medium,very_high,1,0,3.40,0.51,3,1,very_high very_high very_high
programming,aware,ADJ,5.006,very_high,4.733,baseline,medium,0,-2,1.95,0.61,3,1,medium medium medium
programming,post,NOUN,5.773,very_high,5.477,baseline,medium,0,-2,2.36,0.53,3,1,medium medium medium
programming,good,ADJ,5.736,very_high,6.131,baseline,very_high,1,0,3.24,0.38,3,1,very_high very_high very_high
programming,form,NOUN,5.798,very_high,5.608,baseline,high,0,-1,2.64,0.52,3,1,high high high
programming,section,NOUN,5.736,very_high,5.175,low,medium,0,-2,2.76,0.33,3,1,medium medium medium
programming,unsafe,ADJ,5.090,very_high,3.795,high,medium,0,-2,2.03,0.53,3,1,medium medium medium
programming,comma,NOUN,5.007,very_high,2.917,very_high,very_high,1,0,2.93,0.11,3,1,very_high very_high very_high
programming,empty,ADJ,5.550,very_high,4.697,medium,high,0,-1,2.76,0.63,3,1,high high high
programming,correct,ADJ,5.746,very_high,4.821,medium,high,0,-1,2.74,0.46,3,1,high high high
programming,detail,NOUN,5.755,very_high,5.257,low,high,0,-1,2.82,0.52,3,1,high high high
programming,active,ADJ,5.041,very_high,5.115,baseline,high,0,-1,2.76,0.66,3,1,high high high
programming,slice,NOUN,5.534,very_high,4.292,high,high,0,-1,2.37,0.43,3,0,high high medium
programming,purpose,NOUN,5.256,very_high,5.115,baseline,medium,0,-2,2.03,0.62,3,1,medium medium medium
programming,get,VERB,6.326,very_high,6.370,baseline,very_high,1,0,3.43,0.54,3,1,very_high very_high very_high
programming,self,NOUN,5.193,very_high,5.365,baseline,high,0,-1,2.71,0.52,3,1,high high high
programming,model,NOUN,5.958,very_high,5.771,baseline,high,0,-1,2.71,0.61,3,1,high high high
programming,difference,NOUN,5.471,very_high,5.432,baseline,medium,0,-2,2.21,0.56,3,1,medium medium medium
programming,driver,NOUN,5.121,very_high,5.046,baseline,medium,0,-2,2.04,0.57,3,1,medium medium medium
programming,publish,VERB,5.305,very_high,5.290,baseline,limited,0,-3,1.47,0.58,3,1,limited limited limited
programming,unit,NOUN,5.272,very_high,5.186,baseline,medium,0,-2,2.46,0.46,3,1,medium medium medium
programming,loop,NOUN,5.729,very_high,4.558,high,very_high,1,0,3.46,0.57,3,1,very_high very_high very_high
programming,usage,NOUN,5.363,very_high,4.527,medium,medium,0,-2,2.10,0.57,3,1,medium medium medium
programming,instance,NOUN,5.972,very_high,4.852,high,high,0,-1,3.04,0.76,3,1,high high high
programming,least,ADJ,5.284,very_high,5.369,baseline,medium,0,-2,2.10,0.52,3,1,medium medium medium
programming,object,NOUN,6.507,very_high,4.913,very_high,very_high,1,0,3.64,0.70,3,1,very_high very_high very_high
