domain,lemma,pos,zipf,freq_level,core_zipf,specificity
general,whitener,NOUN,1.330,low,,
general,sourwood,NOUN,1.618,low,,
general,exequatur,NOUN,1.159,low,,
general,capriole,VERB,1.244,low,,
general,hydrid,NOUN,1.159,low,,
general,dispossessory,NOUN,1.519,low,,
general,expansiveness,NOUN,1.785,low,,
general,conchologist,NOUN,1.460,low,,
general,bridged,ADJ,1.978,low,,
general,ethel,NOUN,1.472,low,,
general,cag,NOUN,1.276,low,,
general,undernourishment,NOUN,1.611,low,,
general,chamfron,NOUN,1.159,low,,
general,reget,VERB,0.917,low,,
general,comparer,NOUN,1.343,low,,
general,phanariote,NOUN,1.159,low,,
general,proofer,NOUN,0.853,low,,
general,whimperingly,ADV,1.244,low,,
general,tapa,NOUN,1.675,low,,
general,maxixe,NOUN,1.244,low,,
general,yammer,NOUN,1.997,low,,
general,gavial,NOUN,1.159,low,,
general,ladies,NOUN,1.187,low,,
general,momo,NOUN,1.782,low,,
general,locomote,VERB,1.392,low,,
general,mentary,ADJ,1.490,low,,
general,stam,NOUN,1.760,low,,
general,yis,ADJ,1.545,low,,
general,cheviot,NOUN,1.703,low,,
general,nosh,VERB,1.915,low,,
general,sentimentalize,VERB,1.244,low,,
general,stockbridge,NOUN,0.917,low,,
general,toroid,NOUN,1.720,low,,
general,loblolly,ADV,1.888,low,,
general,standardizable,ADJ,1.276,low,,
general,outstart,NOUN,1.159,low,,
general,stunter,NOUN,0.917,low,,
general,uninterestedly,ADV,1.545,low,,
general,mylonite,ADJ,1.159,low,,
general,zapotec,ADJ,1.457,low,,
general,saponin,NOUN,2.820,limited,,
general,layman,NOUN,2.960,limited,,
general,doable,ADJ,2.873,limited,,
general,indiscipline,NOUN,2.101,limited,,
general,hyperexcitability,NOUN,2.571,limited,,
general,tocopherol,NOUN,2.813,limited,,
general,typhus,ADV,2.232,limited,,
general,blad,NOUN,2.200,limited,,
general,uncertainly,ADV,2.774,limited,,
general,hake,NOUN,2.233,limited,,
general,kipper,NOUN,2.734,limited,,
general,outstay,VERB,2.053,limited,,
general,mudflow,NOUN,2.414,limited,,
general,protestingly,ADV,2.022,limited,,
general,recitative,NOUN,2.682,limited,,
general,urinate,VERB,2.893,limited,,
general,madonna,NOUN,2.023,limited,,
general,stalking,NOUN,2.667,limited,,
general,dazed,ADJ,2.104,limited,,
general,peaking,NOUN,2.827,limited,,
general,mani,ADJ,2.272,limited,,
general,roading,NOUN,2.240,limited,,
general,ambit,NOUN,2.161,limited,,
general,conjugated,ADJ,2.148,limited,,
general,hyperopic,ADJ,2.294,limited,,
general,stilly,ADV,2.051,limited,,
general,pelican,NOUN,2.935,limited,,
general,sooth,NOUN,2.829,limited,,
general,deprave,VERB,2.629,limited,,
general,blackmailer,NOUN,2.500,limited,,
general,disparaging,NOUN,2.341,limited,,
general,mesmeric,ADJ,2.330,limited,,
general,electrostatically,ADV,2.292,limited,,
general,goiter,NOUN,2.419,limited,,
general,unambiguously,ADV,2.772,limited,,
general,quinoline,NOUN,2.517,limited,,
general,cohabitation,NOUN,2.548,limited,,
general,obliged,ADJ,2.378,limited,,
general,lettered,ADJ,2.330,limited,,
general,heptane,NOUN,2.317,limited,,
general,cornea,NOUN,3.178,medium,,
general,wallaby,NOUN,3.107,medium,,
general,cuckoo,NOUN,3.192,medium,,
general,watershed,NOUN,3.643,medium,,
general,ignorant,ADJ,3.933,medium,,
general,mite,NOUN,3.347,medium,,
general,drafting,NOUN,3.281,medium,,
general,terribly,ADV,3.922,medium,,
general,alkali,ADJ,3.168,medium,,
general,disappearance,NOUN,3.938,medium,,
general,injectable,ADJ,3.576,medium,,
general,postural,ADJ,3.285,medium,,
general,coup,NOUN,3.901,medium,,
general,compatriot,NOUN,3.336,medium,,
general,magnification,NOUN,3.602,medium,,
general,stupor,NOUN,3.069,medium,,
general,whore,NOUN,3.784,medium,,
general,encase,VERB,3.133,medium,,
general,irrespective,ADV,3.578,medium,,
general,lumbar,NOUN,3.646,medium,,
general,torment,VERB,3.828,medium,,
general,muffin,NOUN,3.492,medium,,
general,optic,NOUN,3.915,medium,,
general,pterygium,NOUN,3.277,medium,,
general,functionalize,VERB,3.489,medium,,
general,drake,NOUN,3.194,medium,,
general,inbreed,VERB,3.395,medium,,
general,hemicellulose,NOUN,3.075,medium,,
general,turnkey,NOUN,3.037,medium,,
general,enlarge,VERB,3.882,medium,,
general,spearman,NOUN,3.175,medium,,
general,appreciative,ADJ,3.246,medium,,
general,lifeless,ADJ,3.363,medium,,
general,used,ADJ,3.596,medium,,
general,anthropometric,ADJ,3.401,medium,,
general,schooling,NOUN,3.481,medium,,
general,cynicism,NOUN,3.251,medium,,
general,capsid,NOUN,3.223,medium,,
general,stopping,NOUN,3.215,medium,,
general,cardboard,NOUN,3.546,medium,,
general,tag,NOUN,4.559,high,,
general,depletion,NOUN,4.092,high,,
general,corruption,NOUN,4.228,high,,
general,fatigue,NOUN,4.530,high,,
general,interior,NOUN,4.519,high,,
general,grace,NOUN,4.458,high,,
general,employee,NOUN,4.973,high,,
general,specimen,NOUN,4.376,high,,
general,determined,ADJ,4.259,high,,
general,campus,NOUN,4.537,high,,
general,weakness,NOUN,4.420,high,,
general,mass,NOUN,4.969,high,,
general,unforgettable,ADJ,4.042,high,,
general,declare,VERB,4.870,high,,
general,brilliant,ADJ,4.408,high,,
general,meaning,NOUN,4.674,high,,
general,refund,NOUN,4.233,high,,
general,revelation,NOUN,4.039,high,,
general,sum,NOUN,4.587,high,,
general,federal,ADJ,4.918,high,,
general,firmly,ADV,4.288,high,,
general,overview,NOUN,4.355,high,,
general,inclusion,NOUN,4.670,high,,
general,template,NOUN,4.440,high,,
general,bomber,NOUN,4.010,high,,
general,iteration,NOUN,4.040,high,,
general,discontinue,VERB,4.076,high,,
general,stance,NOUN,4.057,high,,
general,binary,ADJ,4.244,high,,
general,encompass,VERB,4.385,high,,
general,bypass,VERB,4.117,high,,
general,quantify,VERB,4.569,high,,
general,aspiration,NOUN,4.111,high,,
general,cabinet,NOUN,4.336,high,,
general,instance,NOUN,4.852,high,,
general,absent,ADJ,4.358,high,,
general,melt,VERB,4.277,high,,
general,fortunate,ADJ,4.025,high,,
general,mutter,VERB,4.116,high,,
general,bread,NOUN,4.469,high,,
general,expand,VERB,5.137,very_high,,
general,indicate,VERB,5.465,very_high,,
general,manage,VERB,5.265,very_high,,
general,ensure,VERB,5.493,very_high,,
general,give,VERB,6.033,very_high,,
general,brand,NOUN,5.162,very_high,,
general,know,VERB,6.346,very_high,,
general,village,NOUN,5.156,very_high,,
general,then,ADV,6.067,very_high,,
general,turn,VERB,5.654,very_high,,
general,complex,ADJ,5.245,very_high,,
general,dream,NOUN,5.056,very_high,,
general,cause,VERB,5.487,very_high,,
general,influence,VERB,5.335,very_high,,
general,care,NOUN,5.646,very_high,,
general,clinical,ADJ,5.507,very_high,,
general,performance,NOUN,5.554,very_high,,
general,enhance,VERB,5.324,very_high,,
general,track,NOUN,5.302,very_high,,
general,analyze,VERB,5.005,very_high,,
general,group,NOUN,5.835,very_high,,
general,previous,ADJ,5.243,very_high,,
general,achieve,VERB,5.237,very_high,,
general,mechanism,NOUN,5.194,very_high,,
general,highly,ADV,5.145,very_high,,
general,delivery,NOUN,5.035,very_high,,
general,immediately,ADV,5.023,very_high,,
general,serious,ADJ,5.013,very_high,,
general,money,NOUN,5.491,very_high,,
general,tree,NOUN,5.121,very_high,,
general,tell,VERB,5.966,very_high,,
general,choose,VERB,5.337,very_high,,
general,relationship,NOUN,5.327,very_high,,
general,hope,VERB,5.225,very_high,,
general,however,ADV,5.750,very_high,,
general,truth,NOUN,5.047,very_high,,
general,structure,NOUN,5.351,very_high,,
general,distribution,NOUN,5.108,very_high,,
general,full,ADJ,5.555,very_high,,
general,train,VERB,5.229,very_high,,
programming,pasting,NOUN,2.021,low,1.877,baseline
programming,compressibility,NOUN,2.021,low,2.540,baseline
programming,cycling,NOUN,2.021,low,4.087,baseline
programming,shish,ADJ,2.021,low,1.898,baseline
programming,unrecognizable,ADJ,2.021,low,2.762,baseline
programming,differentiator,NOUN,2.021,low,3.171,baseline
programming,pictographic,ADJ,2.021,low,1.569,baseline
programming,insect,NOUN,2.322,low,4.265,baseline
programming,demarcate,VERB,2.498,low,2.826,baseline
programming,tidily,ADV,2.021,low,1.785,baseline
programming,uncomfortably,ADV,2.021,low,3.042,baseline
programming,imprecision,NOUN,2.322,low,3.024,baseline
programming,hypotenuse,NOUN,2.498,low,1.947,baseline
programming,logman,NOUN,2.498,low,,low
programming,territorial,ADJ,2.498,low,3.885,baseline
programming,experimenter,NOUN,2.021,low,3.103,baseline
programming,nonportable,ADJ,2.021,low,,baseline
programming,prize,NOUN,2.322,low,4.517,baseline
programming,depender,NOUN,2.021,low,1.439,baseline
programming,banking,NOUN,2.322,low,4.284,baseline
programming,confusable,ADJ,2.021,low,,baseline
programming,overfly,VERB,2.322,low,1.825,baseline
programming,bitemporal,ADJ,2.021,low,1.753,baseline
programming,urgency,NOUN,2.322,low,3.862,baseline
programming,tidiness,NOUN,2.021,low,2.156,baseline
programming,threefold,ADJ,2.021,low,2.970,baseline
programming,obviate,VERB,2.021,low,2.684,baseline
programming,laborious,ADJ,2.021,low,3.108,baseline
programming,rigidity,NOUN,2.021,low,3.575,baseline
programming,reinitiate,VERB,2.021,low,2.267,baseline
programming,dragonfly,NOUN,2.322,low,2.873,baseline
programming,reconstructor,NOUN,2.322,low,,low
programming,nonobvious,ADJ,2.021,low,1.276,baseline
programming,ramification,NOUN,2.021,low,3.179,baseline
programming,tutor,NOUN,2.021,low,4.004,baseline
programming,tale,NOUN,2.021,low,4.475,baseline
programming,distorted,ADJ,2.021,low,3.298,baseline
programming,princess,NOUN,2.021,low,4.124,baseline
programming,tentatively,ADV,2.322,low,3.220,baseline
programming,synch,VERB,2.498,low,2.062,baseline
programming,keel,VERB,2.577,limited,3.402,baseline
programming,comb,VERB,2.577,limited,3.768,baseline
programming,reaper,NOUN,2.623,limited,2.777,baseline
programming,syntactical,ADJ,2.901,limited,,medium
programming,tri,ADJ,2.623,limited,3.426,baseline
programming,jumble,VERB,2.865,limited,2.845,baseline
programming,boon,NOUN,2.878,limited,3.304,baseline
programming,expendable,ADJ,2.623,limited,2.841,baseline
programming,disassociate,VERB,2.623,limited,2.430,baseline
programming,materially,ADV,2.814,limited,3.981,baseline
programming,reification,NOUN,2.577,limited,2.277,baseline
programming,deformation,NOUN,2.577,limited,3.825,baseline
programming,clothe,NOUN,2.814,limited,4.751,baseline
programming,housekeeping,NOUN,2.955,limited,3.520,baseline
programming,constituent,ADJ,2.769,limited,3.941,baseline
programming,errant,NOUN,2.513,limited,2.744,baseline
programming,shabby,ADJ,2.577,limited,3.539,baseline
programming,doghouse,NOUN,2.513,limited,2.362,baseline
programming,loophole,NOUN,2.814,limited,3.417,baseline
programming,monotonically,ADV,2.924,limited,2.623,baseline
programming,annihilation,NOUN,2.577,limited,3.156,baseline
programming,television,NOUN,2.577,limited,4.877,baseline
programming,dependence,NOUN,2.720,limited,4.257,baseline
programming,salvage,VERB,2.623,limited,3.735,baseline
programming,fashioned,ADJ,2.878,limited,3.926,baseline
programming,unbind,VERB,2.769,limited,2.051,low
programming,fluid,ADJ,2.984,limited,4.586,baseline
programming,contiguously,ADV,2.577,limited,0.917,low
programming,demon,NOUN,2.577,limited,4.069,baseline
programming,pity,NOUN,2.683,limited,4.401,baseline
programming,pot,NOUN,2.799,limited,4.327,baseline
programming,pyx,NOUN,2.577,limited,1.695,low
programming,lasting,ADJ,2.634,limited,3.946,baseline
programming,recode,VERB,2.769,limited,2.768,baseline
programming,unveil,VERB,2.513,limited,4.212,baseline
programming,pervasiveness,NOUN,2.865,limited,2.057,low
programming,pray,NOUN,2.513,limited,4.584,baseline
programming,wet,ADJ,2.847,limited,4.485,baseline
programming,passively,ADV,2.513,limited,3.179,baseline
programming,unhand,VERB,2.577,limited,2.408,baseline
programming,fip,NOUN,3.363,medium,2.072,medium
programming,cup,NOUN,3.066,medium,4.640,baseline
programming,searchable,ADJ,3.206,medium,3.145,baseline
programming,unpublished,ADJ,3.568,medium,3.426,baseline
programming,wholly,ADV,3.264,medium,4.046,baseline
programming,definitively,ADV,3.266,medium,3.475,baseline
programming,ascend,VERB,3.904,medium,4.018,baseline
programming,busy,ADJ,3.604,medium,4.737,baseline
programming,russian,ADJ,3.337,medium,4.882,baseline
programming,fearless,NOUN,3.166,medium,3.558,baseline
programming,predictor,NOUN,3.355,medium,4.427,baseline
programming,branchless,ADJ,3.179,medium,,high
programming,continually,ADV,3.292,medium,3.982,baseline
programming,intermix,VERB,3.003,medium,2.738,baseline
programming,aggressive,ADJ,3.898,medium,4.427,baseline
programming,quota,NOUN,3.803,medium,3.615,baseline
programming,arbiter,NOUN,3.141,medium,2.807,baseline
programming,warp,NOUN,3.115,medium,3.624,baseline
programming,drift,NOUN,3.477,medium,4.350,baseline
programming,roster,NOUN,3.422,medium,4.408,baseline
programming,folk,NOUN,3.973,medium,4.711,baseline
programming,preimage,NOUN,3.465,medium,,very_high
programming,speculate,VERB,3.208,medium,3.969,baseline
programming,nuance,NOUN,3.410,medium,3.839,baseline
programming,entitle,VERB,3.046,medium,4.373,baseline
programming,convoluted,ADJ,3.484,medium,2.790,low
programming,modernize,VERB,3.692,medium,3.740,baseline
programming,rounded,ADJ,3.750,medium,3.855,baseline
programming,cosmic,ADJ,3.235,medium,3.690,baseline
programming,swift,ADJ,3.606,medium,4.184,baseline
programming,unresolve,VERB,3.161,medium,1.663,medium
programming,chinese,ADJ,3.751,medium,4.864,baseline
programming,storm,NOUN,3.565,medium,4.762,baseline
programming,reliance,NOUN,3.214,medium,4.229,baseline
programming,nonexistent,ADJ,3.914,medium,2.932,medium
programming,subgroup,NOUN,3.304,medium,4.479,baseline
programming,wary,ADJ,3.401,medium,3.560,baseline
programming,fish,NOUN,3.518,medium,4.864,baseline
programming,revalidate,VERB,3.335,medium,1.593,high
programming,junction,NOUN,3.050,medium,4.187,baseline
programming,intuitive,ADJ,4.215,high,4.004,baseline
programming,acquire,VERB,4.579,high,4.902,baseline
programming,preferred,ADJ,4.439,high,4.249,baseline
programming,analytic,NOUN,4.008,high,4.514,baseline
programming,student,NOUN,4.025,high,5.514,baseline
programming,card,NOUN,4.206,high,5.061,baseline
programming,retain,VERB,4.525,high,4.805,baseline
programming,concrete,ADJ,4.772,high,4.451,baseline
programming,protect,VERB,4.804,high,5.242,baseline
programming,refresh,VERB,4.610,high,4.124,low
programming,billing,NOUN,4.175,high,3.933,baseline
programming,focus,VERB,4.945,high,5.510,baseline
programming,descendant,NOUN,4.158,high,4.054,baseline
programming,picture,NOUN,4.205,high,5.065,baseline
programming,ugly,ADJ,4.020,high,4.230,baseline
programming,truth,NOUN,4.029,high,5.047,baseline
programming,writable,ADJ,4.449,high,2.078,very_high
programming,delegate,VERB,4.417,high,4.111,baseline
programming,vendor,NOUN,4.402,high,4.385,baseline
programming,browse,VERB,4.195,high,4.195,baseline
programming,kill,VERB,4.604,high,5.486,baseline
programming,destination,NOUN,4.502,high,4.609,baseline
programming,interest,NOUN,4.424,high,5.324,baseline
programming,confused,ADJ,4.043,high,4.048,baseline
programming,overlay,NOUN,4.448,high,3.805,low
programming,odd,ADJ,4.327,high,4.751,baseline
programming,margin,NOUN,4.442,high,4.558,baseline
programming,corrupt,ADJ,4.432,high,3.885,low
programming,uniform,ADJ,4.007,high,4.529,baseline
programming,noticeable,ADJ,4.012,high,3.915,baseline
programming,eliminate,VERB,4.716,high,4.729,baseline
programming,incompatible,ADJ,4.742,high,3.397,high
programming,dumb,ADJ,4.025,high,4.141,baseline
programming,grow,VERB,4.683,high,5.525,baseline
programming,understanding,NOUN,4.616,high,4.969,baseline
programming,week,NOUN,4.833,high,5.612,baseline
programming,interesting,ADJ,4.599,high,4.766,baseline
programming,problematic,ADJ,4.297,high,3.903,low
programming,internally,ADV,4.918,high,3.876,medium
programming,specifier,NOUN,4.165,high,1.958,very_high
programming,device,NOUN,5.067,very_high,5.118,baseline
programming,alternative,NOUN,5.090,very_high,4.927,baseline
programming,particular,ADJ,5.475,very_high,5.032,low
programming,pair,NOUN,5.073,very_high,5.032,baseline
programming,modify,VERB,5.540,very_high,4.711,medium
programming,verbose,VERB,5.047,very_high,2.357,very_high
programming,problem,NOUN,5.857,very_high,5.396,low
programming,tell,VERB,5.535,very_high,5.966,baseline
programming,column,NOUN,5.707,very_high,4.609,high
programming,float,VERB,5.061,very_high,4.474,low
programming,method,NOUN,6.317,very_high,5.407,medium
programming,unique,ADJ,5.248,very_high,5.059,baseline
programming,header,NOUN,5.537,very_high,3.880,very_high
programming,way,NOUN,6.174,very_high,5.937,baseline
programming,return,VERB,6.387,very_high,5.615,medium
programming,aware,ADJ,5.006,very_high,4.733,baseline
programming,post,NOUN,5.773,very_high,5.477,baseline
programming,good,ADJ,5.736,very_high,6.131,baseline
programming,form,NOUN,5.798,very_high,5.608,baseline
programming,section,NOUN,5.736,very_high,5.175,low
programming,unsafe,ADJ,5.090,very_high,3.795,high
programming,comma,NOUN,5.007,very_high,2.917,very_high
programming,empty,ADJ,5.550,very_high,4.697,medium
programming,correct,ADJ,5.746,very_high,4.821,medium
programming,detail,NOUN,5.755,very_high,5.257,low
programming,active,ADJ,5.041,very_high,5.115,baseline
programming,slice,NOUN,5.534,very_high,4.292,high
programming,purpose,NOUN,5.256,very_high,5.115,baseline
programming,get,VERB,6.326,very_high,6.370,baseline
programming,self,NOUN,5.193,very_high,5.365,baseline
programming,model,NOUN,5.958,very_high,5.771,baseline
programming,difference,NOUN,5.471,very_high,5.432,baseline
programming,driver,NOUN,5.121,very_high,5.046,baseline
programming,publish,VERB,5.305,very_high,5.290,baseline
programming,unit,NOUN,5.272,very_high,5.186,baseline
programming,loop,NOUN,5.729,very_high,4.558,high
programming,usage,NOUN,5.363,very_high,4.527,medium
programming,instance,NOUN,5.972,very_high,4.852,high
programming,least,ADJ,5.284,very_high,5.369,baseline
programming,object,NOUN,6.507,very_high,4.913,very_high
