domain,lemma,pos,zipf,freq_level
general,cuke,NOUN,1.330,low
general,pseudomembranous,ADJ,1.618,low
general,unmake,VERB,2.057,limited
general,filigree,ADJ,2.343,limited
general,filament,NOUN,3.700,medium
general,astounding,ADJ,3.327,medium
general,learning,NOUN,4.964,high
general,wellness,NOUN,4.196,high
general,poor,ADJ,5.250,very_high
general,thank,VERB,5.432,very_high
programming,slant,NOUN,2.021,low
programming,hike,VERB,2.021,low
programming,delicate,ADJ,2.729,limited
programming,reprint,VERB,2.990,limited
programming,colorization,NOUN,3.003,medium
programming,contour,NOUN,3.054,medium
programming,meet,VERB,4.776,high
programming,shareable,ADJ,4.386,high
programming,think,VERB,5.469,very_high
programming,text,NOUN,5.800,very_high
