phrase,zipf,freq_level,jev_level,jev_level_raw,jev_score,baseline,baseline_level,npmi,assoc_class,noul,stable_level,stable_noul
spread syntax,4.065,high,medium,medium,1.4733333333333334,4.782697,low,0.531,fixed,0.8933333333333333,True,True
best practice,4.266,high,high,high,1.7966666666666666,3.807442,low,0.589,fixed,0.9033333333333333,True,True
way of doing,4.015,high,medium,medium,1.26,3.460012,low,0.519,fixed,0.2,True,True
left hand,4.201,high,low,medium,0.7033333333333334,4.999516,medium,0.573,fixed,0.17,True,True
case insensitive,4.543,high,high,high,1.84,4.569726,low,0.654,fixed,0.88,True,True
input and output,4.163,high,high,high,1.9966666666666666,5.757947,high,0.507,fixed,0.82,True,True
master branch,4.075,high,high,high,1.8266666666666667,4.785662,low,0.539,fixed,0.9066666666666667,True,True
working as expected,4.17,high,high,high,1.68,5.777431,high,0.523,fixed,0.49666666666666665,True,False
easier to read,4.328,high,medium,medium,1.2066666666666666,3.447351,low,0.516,fixed,0.18,True,True
curly braces,4.315,high,high,high,1.7933333333333334,4.669307,low,0.858,fixed,0.7766666666666667,True,True
take precedence,4.075,high,low,medium,1.09,4.797787,medium,0.53,fixed,0.6633333333333333,True,True
low level,4.563,high,medium,high,1.5333333333333334,5.250947,medium,0.673,fixed,0.7233333333333333,True,True
command line,5.579,high,high,high,1.99,6.161766,high,0.692,fixed,0.9266666666666667,True,True
strict mode,4.939,high,high,high,1.5366666666666666,5.302405,medium,0.72,fixed,0.9333333333333333,False,True
wait until,4.101,high,medium,medium,1.27,5.30731,medium,0.545,fixed,0.2733333333333333,True,True
prepared statement,4.181,high,low,low,0.48,4.893841,medium,0.568,fixed,0.6566666666666666,True,True
home directory,4.506,high,high,high,1.8033333333333335,5.08167,medium,0.54,fixed,0.89,True,True
automatically detect,4.212,high,high,high,1.6366666666666667,5.181842,medium,0.538,fixed,0.46,True,True
denial of service,4.41,high,medium,medium,1.13,4.418419,low,0.763,fixed,0.95,True,True
figure out,4.834,high,high,high,1.5833333333333335,5.097048,medium,0.681,fixed,0.78,True,True
high level,4.447,high,high,high,1.6133333333333333,5.327282,medium,0.596,fixed,0.7566666666666667,True,True
side effects,4.791,high,medium,medium,1.3333333333333333,5.498434,medium,0.737,fixed,0.8966666666666667,True,True
news article,4.02,high,low,low,0.2833333333333333,4.892346,medium,0.735,fixed,0.32,True,True
virtual machine,4.214,high,high,high,1.78,5.190131,medium,0.571,fixed,0.94,True,True
maximum number,4.498,high,high,high,1.7566666666666666,5.091389,medium,0.531,fixed,0.36,True,True
used on,4.414,high,medium,medium,1.3866666666666667,6.771805,high,0.067,free,0.24,True,True
new function,4.653,high,high,high,1.8366666666666667,6.341105,high,0.191,free,0.32666666666666666,True,True
used instead,4.472,high,medium,medium,1.3866666666666667,6.067326,high,0.236,free,0.20666666666666667,True,True
new commit,4.01,high,high,high,1.7733333333333334,5.855496,high,0.198,free,0.5,True,True
other way,4.218,high,low,medium,1.1066666666666667,6.173689,high,0.174,free,0.23333333333333334,True,True
cannot use,4.403,high,medium,high,1.5166666666666666,2.877982,low,0.222,free,0.15,True,True
use cargo,4.098,high,low,medium,0.5833333333333334,6.108569,high,0.056,free,0.19666666666666666,False,True
new directory,4.045,high,high,high,1.82,6.070922,high,0.147,free,0.29666666666666663,True,True
query string,4.371,high,high,high,1.75,5.984508,high,0.278,free,0.93,True,True
line number,4.313,high,high,high,1.96,6.093656,high,0.264,free,0.78,True,True
exist on,4.131,high,low,medium,0.7333333333333333,5.890891,high,0.208,free,0.25,True,True
more specific,4.272,high,medium,medium,1.3966666666666665,5.778334,high,0.249,free,0.14,True,True
use redux,4.501,high,low,medium,1.09,5.938825,high,0.187,free,0.36333333333333334,True,True
need to set,4.268,high,high,high,1.6766666666666665,6.36518,high,0.192,free,0.2866666666666667,True,True
turn on,4.01,high,medium,medium,1.53,5.38106,medium,0.218,free,0.7633333333333333,False,True
implemented in,4.42,high,high,high,1.7933333333333334,5.858715,high,0.201,free,0.5666666666666667,True,True
install docker,4.072,high,high,high,1.6133333333333335,5.595852,medium,0.239,free,0.47333333333333333,True,True
test function,4.626,high,high,high,1.81,6.332892,high,0.222,free,0.7766666666666667,True,True
saved in,4.032,high,medium,medium,1.4433333333333334,5.479005,medium,0.204,free,0.19,True,True
new array,4.431,high,medium,high,1.5033333333333334,6.033213,high,0.247,free,0.22,True,True
open up,4.082,high,medium,medium,1.3866666666666667,5.769708,high,0.277,free,0.5333333333333333,True,True
rust code,4.593,high,medium,high,1.52,5.975815,high,0.246,free,0.52,False,True
data directory,4.422,high,high,high,1.7233333333333334,5.633199,medium,0.235,free,0.65,True,True
like the following,4.249,high,high,high,1.54,6.117897,high,0.185,free,0.41000000000000003,True,True
add support,4.173,high,high,high,1.85,6.108708,high,0.25,free,0.6533333333333333,True,True
slightly differently,3.558,medium,low,medium,0.89,4.68792,low,0.575,fixed,0.08666666666666667,True,True
lower and upper,3.449,medium,medium,medium,1.4266666666666665,4.474364,low,0.676,fixed,0.37,True,True
condition is met,3.543,medium,high,high,1.7233333333333334,2.02065,low,0.691,fixed,0.5133333333333333,True,True
startup and shutdown,3.601,medium,high,high,1.7,4.415536,low,0.759,fixed,0.7133333333333333,True,True
prune unused,3.84,medium,low,medium,0.99,4.758548,low,0.635,fixed,0.35333333333333333,True,True
days ago,3.653,medium,medium,medium,1.1533333333333333,4.557636,low,0.599,fixed,0.17,True,True
standard error stream,3.68,medium,high,high,1.7733333333333334,5.420282,medium,0.583,fixed,0.91,True,True
static analysis,3.989,medium,high,high,1.6833333333333333,4.903676,medium,0.518,fixed,0.94,True,True
connection is closed,3.552,medium,high,high,1.86,4.591967,low,0.54,fixed,0.55,True,True
internal server error,3.832,medium,high,high,1.9166666666666665,5.337686,medium,0.502,fixed,0.92,True,True
turn it off,3.444,medium,medium,medium,1.23,5.340141,medium,0.558,fixed,0.5566666666666666,True,True
auto incrementing,3.455,medium,medium,high,1.5133333333333334,4.653277,low,0.588,fixed,0.79,True,True
signal is sent,3.731,medium,medium,medium,1.1566666666666665,3.606506,low,0.637,fixed,0.25666666666666665,True,True
bare repository,3.951,medium,low,medium,1.0733333333333335,4.529388,low,0.539,fixed,0.93,True,True
absolute or relative,3.544,medium,medium,medium,1.45,4.891755,medium,0.683,fixed,0.5766666666666667,True,True
favorite color,3.611,medium,low,low,0.37333333333333335,4.281243,low,0.574,fixed,0.16666666666666669,True,True
non existent,3.946,medium,low,medium,0.9133333333333333,3.959247,low,0.643,fixed,0.35666666666666663,True,True
infinite recursion,3.439,medium,high,high,1.5366666666666666,4.375409,low,0.616,fixed,0.86,True,True
little endian,3.817,medium,low,medium,1.0866666666666667,4.193018,low,0.688,fixed,0.95,True,True
looping through,3.691,medium,high,high,1.8133333333333335,5.681568,medium,0.534,fixed,0.5466666666666667,True,True
without worrying,3.502,medium,low,medium,0.5766666666666667,4.631066,low,0.517,fixed,0.11333333333333333,True,True
insertion order,3.933,medium,low,medium,0.8166666666666667,4.497685,low,0.53,fixed,0.7833333333333333,True,True
licensed under,3.541,medium,medium,medium,1.4633333333333334,4.906778,medium,0.587,fixed,0.7633333333333333,False,True
dollar sign,3.703,medium,medium,high,1.4566666666666666,4.144987,low,0.652,fixed,0.6066666666666667,False,True
take into account,3.856,medium,medium,medium,1.27,5.19022,medium,0.551,fixed,0.7633333333333333,True,True
library reference,3.409,medium,low,low,0.6433333333333333,5.87763,high,0.134,free,0.53,False,True
floating point value,3.627,medium,high,high,1.84,5.061419,medium,0.267,free,0.86,True,True
test flag,3.668,medium,medium,medium,1.4666666666666666,5.80611,high,0.157,free,0.7966666666666667,True,True
applied on,3.603,medium,low,medium,1.04,5.773761,high,0.125,free,0.24,True,True
handle error,3.581,medium,high,high,1.9633333333333334,5.843462,high,0.117,free,0.6966666666666667,True,True
works the same,3.9,medium,medium,medium,1.4533333333333334,6.261939,high,0.195,free,0.22666666666666668,True,True
available memory,3.473,medium,high,high,1.83,5.705661,high,0.172,free,0.6366666666666667,True,True
tell react,3.58,medium,low,medium,0.8533333333333334,5.534628,medium,0.263,free,0.19333333333333333,True,True
state field,3.902,medium,medium,high,1.48,6.108052,high,0.167,free,0.5366666666666667,True,True
nested object,3.53,medium,high,high,1.86,5.055564,medium,0.173,free,0.8,True,True
merge commit,3.868,medium,high,high,1.6566666666666665,5.802947,high,0.283,free,0.92,True,True
new model,3.427,medium,medium,medium,1.1133333333333335,5.958215,high,0.054,free,0.35333333333333333,True,True
release manager,3.457,medium,low,medium,0.9633333333333333,5.292132,medium,0.291,free,0.85,True,True
attempt to create,3.514,medium,low,medium,0.7833333333333333,5.408867,medium,0.243,free,0.15,True,True
following statement,3.637,medium,low,medium,1.0866666666666667,5.838877,high,0.166,free,0.32,True,True
find the first,3.532,medium,high,high,1.67,5.973061,high,0.177,free,0.17333333333333334,True,True
per thread,3.577,medium,medium,medium,1.2466666666666666,5.391669,medium,0.279,free,0.5733333333333333,True,True
execute method,3.84,medium,high,high,1.6966666666666665,5.774181,high,0.253,free,0.6466666666666667,True,True
use any other,3.726,medium,low,medium,0.99,6.308307,high,0.151,free,0.10666666666666667,True,True
operate in,3.431,medium,medium,medium,1.12,4.844761,medium,0.116,free,0.51,True,True
see the next,3.406,medium,low,medium,0.98,5.721052,high,0.12,free,0.1366666666666667,True,True
add multiple,3.688,medium,medium,medium,1.12,5.890419,high,0.131,free,0.16,True,True
using the first,3.454,medium,medium,medium,1.24,3.934037,low,0.016,free,0.10666666666666667,True,True
sequence object,3.409,medium,low,medium,0.9866666666666667,5.405197,medium,0.137,free,0.5466666666666666,True,True
special character,3.474,medium,high,high,1.72,5.428641,medium,0.288,free,0.7833333333333333,True,True
pseudo tty,3.272,low,medium,medium,1.1333333333333333,4.218778,low,0.604,fixed,0.9366666666666666,True,True
sooner or later,3.344,low,low,medium,0.55,0.0,low,0.569,fixed,0.6933333333333334,True,True
opening bracket,3.239,low,high,high,1.5566666666666666,4.951283,medium,0.559,fixed,0.6733333333333333,True,True
userland proxy,3.391,low,low,medium,1.02,3.587814,low,0.629,fixed,0.7966666666666667,True,True
scale factor,3.212,low,low,medium,0.9966666666666667,4.44505,low,0.588,fixed,0.8833333333333333,True,True
post mortem,3.152,low,medium,medium,1.1833333333333333,3.154189,low,0.574,fixed,0.93,True,True
straight forward,3.088,low,medium,medium,1.2733333333333334,4.05969,low,0.534,fixed,0.53,True,False
strict equality operator,3.23,low,high,high,1.6933333333333334,4.767383,low,0.512,fixed,0.8466666666666667,True,True
brute force,3.39,low,medium,medium,1.3,3.467808,low,0.688,fixed,0.9266666666666667,True,True
scattered throughout,3.215,low,low,medium,0.96,3.625785,low,0.693,fixed,0.25666666666666665,True,True
progress indicator,3.37,low,medium,medium,1.26,4.275969,low,0.567,fixed,0.84,True,True
struct or union,3.225,low,medium,high,1.52,4.858203,medium,0.601,fixed,0.7066666666666667,True,True
lowercase letter,3.323,low,high,high,1.5966666666666667,4.536797,low,0.545,fixed,0.5833333333333333,True,True
escaped by doubling,3.141,low,low,medium,0.96,5.145542,medium,0.731,fixed,0.5066666666666667,True,True
enterprise grade,2.927,low,low,medium,1.11,3.587814,low,0.679,fixed,0.84,True,True
relatively expensive,3.353,low,low,low,0.4633333333333333,4.449602,low,0.584,fixed,0.10666666666666667,True,True
semantically equivalent,3.372,low,medium,medium,1.15,3.951169,low,0.552,fixed,0.6333333333333333,True,True
double or single,3.382,low,low,medium,1.02,5.145542,medium,0.562,fixed,0.37666666666666665,True,True
policy enforcement,3.171,low,low,medium,1.0433333333333334,3.896913,low,0.533,fixed,0.79,True,True
reduce the probability,3.204,low,low,medium,0.9466666666666667,3.827587,low,0.623,fixed,0.20333333333333334,True,True
public or private,3.323,low,high,high,1.62,5.268752,medium,0.629,fixed,0.6133333333333333,True,True
meaning of life,3.238,low,low,low,0.21333333333333335,4.506623,low,0.558,fixed,0.26333333333333336,True,True
protecting against,2.954,low,medium,medium,1.2266666666666666,4.804494,medium,0.53,fixed,0.26666666666666666,True,True
antivirus software,3.002,low,low,medium,1.01,3.213774,low,0.615,fixed,0.8133333333333334,True,True
five million,3.03,low,low,medium,0.8533333333333333,4.414303,low,0.519,fixed,0.09666666666666666,True,True
match the version,3.063,low,medium,medium,1.42,5.933005,high,0.157,free,0.29333333333333333,True,True
function you provide,3.263,low,low,medium,0.9966666666666667,6.094483,high,0.264,free,0.14666666666666667,True,True
generally safe,3.143,low,low,medium,0.9233333333333333,5.129476,medium,0.289,free,0.21,True,True
designed to support,3.206,low,medium,high,1.5033333333333334,5.328679,medium,0.276,free,0.22,True,True
found in section,2.901,low,medium,high,1.4533333333333334,2.806257,low,0.228,free,0.18333333333333332,False,True
used the default,3.225,low,high,high,1.6366666666666665,6.309779,high,0.012,free,0.25666666666666665,True,True
level set,3.27,low,low,medium,0.9866666666666667,5.758293,high,0.051,free,0.8133333333333334,True,True
multiple build,3.073,low,medium,medium,1.2233333333333334,5.890419,high,0.024,free,0.39333333333333337,True,True
command to see,3.212,low,low,low,0.6533333333333333,6.248924,high,0.119,free,0.16666666666666669,True,True
loop statement,2.954,low,high,high,1.6633333333333333,5.728762,high,0.104,free,0.7266666666666667,True,True
call without,3.359,low,low,low,0.7233333333333333,5.976634,high,0.061,free,0.16,True,True
anything more,3.196,low,low,medium,0.9166666666666667,5.383628,medium,0.085,free,0.11,True,True
generate new,3.16,low,medium,high,1.4733333333333334,5.766471,high,0.089,free,0.23333333333333334,False,True
diff program,3.03,low,high,high,1.7366666666666666,5.299181,medium,0.164,free,0.76,True,True
immediately call,2.927,low,low,medium,0.73,5.180718,medium,0.117,free,0.12333333333333334,True,True
added directly,2.87,low,medium,medium,1.2,5.68316,medium,0.08,free,0.21666666666666667,True,True
key relationship,3.141,low,low,medium,0.9233333333333333,4.766701,low,0.293,free,0.6033333333333333,True,True
call signature,2.87,low,high,high,1.62,5.224723,medium,0.117,free,0.8766666666666667,True,True
unless specified,3.234,low,medium,medium,1.4333333333333333,5.307783,medium,0.185,free,0.48,True,True
value is added,3.167,low,low,medium,0.75,4.591967,low,0.177,free,0.6333333333333333,True,True
using the id,3.03,low,low,low,0.8933333333333333,3.934037,low,0.065,free,0.2833333333333333,True,True
window text,3.211,low,medium,medium,1.2,5.303933,medium,0.209,free,0.47333333333333333,True,True
look more,3.374,low,low,low,0.6033333333333334,5.977107,high,0.059,free,0.09,True,True
define the property,2.901,low,medium,medium,1.26,5.964138,high,0.215,free,0.26,True,True
case block,3.321,low,low,medium,0.9,5.857246,high,0.099,free,0.5033333333333333,True,False
