# Фразы, вычеркнутые вручную до вызовов JEV (2026-10-08). Формат: фраза<TAB>причина.
# Причины: код — идентификатор или синтаксис языка; продукт — название; обрывок — сочетание на стыке слов/предложений, которое никто не стал бы искать.
import meta	код
git hub	обрывок
sys argv	код
hand side	обрывок
react native	продукт
const char	код
name syntax	обрывок
using in	обрывок
name value	обрывок
prefetch related	код
pool executor	код
datetime timedelta	код
relevant git hub	обрывок
unsigned char	код
profile see	обрывок
forward in	обрывок
place on	обрывок
row per	обрывок
command git	обрывок
expect in	обрывок
function such	обрывок
use see	обрывок
core autocrlf	код
big sur	продукт
hat enterprise	обрывок
language whose formatting	обрывок
software foundation	продукт
file make sure	обрывок
state set	обрывок
set local	код
client post	обрывок
error until	обрывок
date time type	обрывок
line character	обрывок
add use	обрывок
io module	код
th edition	обрывок
debugging in	обрывок
other similar	обрывок
